順位,タイトル,画像,ゲーム紹介,ジャンル,発売年,プラットフォーム,主に遊んだ年,思い入れ度,衝撃度,面白さ,ストーリー,音楽・サウンド
1,ティアーズ オブ ザ キングダム,game_covers/c2.jpg,空と地底まで世界が拡張。ウルトラハンドで創意工夫が無限に広がる続編。,オープンワールドアクションADV,2023,Switch,2026,10,10,9,7,6
2,うみねこのなく頃に,game_covers/c41.jpg,孤島の連続殺人と魔女。推理か幻想か、究極の知恵比べ。,サウンドノベル,2007,PC,2008-2010,9,9,8,4,7
3,ブレス オブ ザ ワイルド,game_covers/c1.jpg,広大なハイラルをどこへでも。自由な探索と物理パズルでゼルダを再発明した金字塔。,オープンワールドアクションADV,2017,Switch,2025,8,9,9,7,6
4,UNREAL,game_covers/c65.jpg,美麗エンジンで魅せた異星探索FPS。Unrealの始まり。,FPS,1998,PC,1998,10,8,8,3,3
5,ひぐらしのなく頃に,game_covers/c42.jpg,雛見沢の惨劇を繰り返す。謎と恐怖と友情の同人傑作。,サウンドノベル,2002,PC,2004-2007,8,9,8,5,8
6,ディアブロII,game_covers/c67.jpg,暗黒世界でひたすら狩る。ハクスラの不朽の名作。,ハクスラARPG,2000,PC,2000,10,5,8,5,5
7,ファイナルファンタジー5,game_covers/c24.jpg,ジョブとアビリティの自由な組合せ。やり込みの金字塔。,RPG,1992,SFC,1992,9,5,9,5,9
8,テトリス グランドマスター2 THE ABSOLUTE PLUS,game_covers/c77.jpg,超高速落下の上級者向けテトリス。TGMの代表作。,パズル,2000,アーケード,2002-2012,8,8,10,3,8
9,QUAKE II,game_covers/c64.jpg,id Software。ストロッグとの戦い、3D FPSの礎。,FPS,1997,PC,1997,8,8,8,4,4
10,レイディアント シルバーガン,game_covers/c56.jpg,トレジャー製の縦STG。多彩なショットと濃密な演出。,STG,1998,SS,2000,7,9,9,5,8
11,怒首領蜂,game_covers/c57.jpg,ケイブ弾幕STGの代表格。レーザーと敵弾の美学。,STG,1997,アーケード,1997,9,9,7,5,6
12,ゼルダの伝説 神々のトライフォース,game_covers/c3.jpg,光と闇の2つの世界を行き来する名作。見下ろし型ゼルダの完成形。,アクションADV,1991,SFC,1991,8,6,8,6,8
13,聖剣伝説2,game_covers/c14.jpg,リングコマンドと協力プレイのアクションRPG。美しい世界と音楽。,アクションRPG,1993,SFC,1993,8,7,8,6,8
14,ファイナルファンタジー6,game_covers/c25.jpg,多人数群像と魔導の世界。完成度の高いドット表現と物語。,RPG,1994,SFC,1994,9,6,7,6,8
15,かまいたちの夜,game_covers/c37.jpg,雪山のペンションの連続殺人。選択で分岐する元祖サウンドノベル。,サウンドノベル,1994,SFC,1994,8,8,8,7,7
16,痕,game_covers/c54.jpg,Leaf。旧家の因習と鬼の血を巡る伝奇サスペンスノベル。,ビジュアルノベル,1996,PC-98,1996,8,9,8,8,8
17,クロノトリガー,game_covers/c33.jpg,時を越える冒険。豪華スタッフ、連携技とマルチエンドの傑作。,RPG,1995,SFC,1995,6,6,8,9,9
18,スウィートホーム,game_covers/c47.jpg,映画原作のFC作。バイオの源流とされる先駆的ホラー。,ホラーRPG,1989,FC,1989-90,8,8,8,7,9
19,スーパーマリオワールド,game_covers/c6.jpg,ヨッシー初登場。SFC黎明を飾った2Dマリオの傑作。,2Dアクション,1990,SFC,1990,7,7,8,5,7
20,グラディウス外伝,game_covers/c60.jpg,シリーズ集大成のPS作。4機体と豪華演出の横STG。,STG,1997,PS,1997,6,5,7,5,8
21,ダンガンロンパ 希望の学園と絶望の高校生,game_covers/c39.jpg,学級裁判で殺人を暴くハイスピード推理アクション。,推理ADV,2010,PSP,2010,7,8,8,8,8
22,ドラゴンクエスト3,game_covers/c18.jpg,そして伝説へ。職業システムと壮大な物語、社会現象を起こした名作。,RPG,1988,FC,198,10,5,6,5,9
23,Kanon,game_covers/c52.jpg,雪の街の奇跡の物語。泣きゲーブームの先駆。,ビジュアルノベル,1999,PC,1999,8,6,7,7,8
24,街 〜運命の交差点〜,game_covers/c48.jpg,渋谷の群像をザッピングで描く実写サウンドノベルの金字塔。,サウンドノベル,1998,SS,1998,7,8,8,8,4
25,スーパーマリオブラザーズ2（ディスクシステム）,game_covers/c10.jpg,通称マリオ2。前作より高難度の鬼畜ステージで腕に覚えのある人向け。,2Dアクション,1986,FCディスク,1988-1989,8,6,6,5,6
26,ブランディッシュ3,game_covers/c55.jpg,視点が回転する迷宮探索アクションRPG。ファルコムの名作。,アクションRPG,1994,PC-98,1994,8,7,6,7,8
27,NiGHTS into dreams...,game_covers/c98.jpg,夢の中を舞うように飛ぶ。セガサターンの幻想的名作。,アクション,1996,SS,1996,8,7,7,5,8
28,スーパーストリートファイターII X,game_covers/c79.jpg,スパIIの完成版。スーパーコンボ搭載、格闘の金字塔。,対戦格闘,1994,アーケード,1994,7,5,7,5,7
29,スーパーダンガンロンパ2,game_covers/c40.jpg,南の島で再び繰り返される殺し合い。衝撃の真相。,推理ADV,2012,PSP,2012,7,8,8,8,6
30,ロックマン2,game_covers/c90.jpg,8大ボスと弱点武器。ロックマン人気を決定づけた名作。,2Dアクション,1988,FC,1988-2000,9,5,6,5,9
31,TETRIS THE GRAND MASTER 4 -ABSOLUTE EYE-,game_covers/c78.jpg,20年ぶりのTGM新作。アリカの超硬派テトリス。,パズル,2025,Switch/Steam,2025-2026,5,9,9,5,9
32,セガラリー,game_covers/c100.jpg,ダート路面の駆け引き。アーケードラリーの傑作。,レース,1995,アーケード,1995,7,6,8,5,9
33,Gダライアス,game_covers/c62.jpg,捕獲システムと巨大戦艦。タイトーの3D横STG。,STG,1997,アーケード,1997,7,8,7,5,9
34,英雄伝説3 白き魔女,game_covers/c32.jpg,ガガーブ三部作の始まり。温かな物語と名曲の軌跡シリーズ。,RPG,1994,PC-98,1994,8,8,7,8,8
35,真・女神転生II,game_covers/c29.jpg,管理社会の東京で神と対峙。シリーズの方向性を決めた一作。,RPG,1994,SFC,1994,5,8,7,8,8
36,StarCraft,game_covers/c69.jpg,3種族の非対称バランス。eスポーツの礎を築いたRTS。,RTS,1998,PC,1998-2000,8,8,8,6,5
37,Left 4 Dead,game_covers/c70.jpg,4人協力でゾンビの大群を切り抜ける緊張の協力FPS。,協力FPS,2008,PC,2008-2010,10,8,8,6,4
38,STEINS;GATE,game_covers/c43.jpg,電話レンジでタイムリープ。緻密なSFと群像の名作ノベル。,SF ADV,2009,Xbox360,2009,8,8,9,9,6
39,AIR,game_covers/c51.jpg,Key制作。夏と空、千年の物語。涙腺を直撃する名作ノベル。,ビジュアルノベル,2000,PC,2000,7,7,6,6,8
40,トルネコの大冒険 不思議のダンジョン,game_covers/c35.jpg,入る度に変わる迷宮。不思議のダンジョンシリーズの原点。,ローグライク,1993,SFC,1993,8,8,8,5,6
41,真・女神転生,game_covers/c28.jpg,悪魔合体とロウ/カオス。退廃的世界観のメガテン原典格。,RPG,1992,SFC,1992,7,8,8,8,8
42,デビルサマナー,game_covers/c31.jpg,現代を舞台にした悪魔召喚師もの。伝奇色の強いメガテン外伝。,RPG,1995,SS,1995,8,8,8,8,9
43,ファイナルファンタジー3,game_covers/c22.jpg,ジョブチェンジを本格導入。冒険の幅が大きく広がった一作。,RPG,1990,FC,1990,7,5,7,6,8
44,ドラゴンクエスト5,game_covers/c20.jpg,親子三代と花嫁選び、モンスター仲間。屈指の感動作。,RPG,1992,SFC,1992,7,6,7,7,8
45,将棋ウォーズ,game_covers/c85.jpg,オンライン対戦将棋アプリ。手軽に強敵と指せる定番。,対戦将棋,2013,スマホ,2016-2020,9,10,8,4,9
46,PAINKILLER,game_covers/c74.jpg,高速で撃ちまくる硬派なオールドスクールFPS。,FPS,2004,PC,2011,8,8,8,4,4
47,魔界塔士Sa・Ga2 秘宝伝説,game_covers/c17.jpg,GBサガ第2作。種族システムと自由度、神を殴る衝撃の結末。,RPG,1990,GB,1990,6,6,8,8,8
48,LIVE A LIVE,game_covers/c15.jpg,7つの時代の短編が交差する異色RPG。リメイクで再評価。,RPG,1994,SFC,1994,7,8,8,7,8
49,NieR:Automata,game_covers/c27.jpg,アンドロイド2B達の戦い。周回で意味が反転する衝撃の物語。,アクションRPG,2017,PS4,2017,6,8,8,7,8
50,ファイナルファンタジー7,game_covers/c26.jpg,3D表現で世界を変えた名作。クラウドとセフィロスの物語。,RPG,1997,PS,1998,5,6,7,6,7
51,悪魔城ドラキュラX 月下の夜想曲,game_covers/c95.jpg,メトロイドヴァニアの傑作。広大な城を探索する。,探索アクション,1997,PS,1997,6,7,7,6,7
52,スーパーマリオRPG,game_covers/c16.jpg,マリオ初のRPG。スクウェア制作、軽快な戦闘とユーモア。,RPG,1996,SFC,2025,7,9,8,6,6
53,ファイナルファンタジー4,game_covers/c23.jpg,ATB導入、重厚な群像ドラマ。SFC RPGの到達点。,RPG,1991,SFC,1992,5,6,7,7,8
54,ICO,game_covers/c12.jpg,少女ヨルダと手をつなぎ城を脱出。静謐で詩的な名作。,アクションADV,2001,PS2,2011,6,8,6,5,5
55,グラディウスIII,game_covers/c59.jpg,伝説から神話へ。難度と多彩な装備のアーケード横STG。,STG,1989,アーケード,2003,7,5,6,4,9
56,Unreal Tournament,game_covers/c66.jpg,対戦特化のアリーナFPS。爽快な撃ち合いの金字塔。,FPS,1999,PC,1999,7,7,6,4,7
57,God of War,game_covers/c89.jpg,クレイトスと息子の旅。北欧神話の重厚なリブート作。,アクションADV,2005,PS4,2011,7,7,7,5,4
58,DDR（Dance Dance Revolution）,game_covers/c86.jpg,足で踏む体感リズムゲーム。社会現象になった名作。,音ゲー,1998,アーケード,1999,7,7,5,4,8
59,Plants vs. Zombies,game_covers/c71.jpg,植物でゾンビを撃退。中毒性抜群のTD。,タワーディフェンス,2009,PC,2010,7,5,8,5,7
60,ストリートファイターIII 3rd STRIKE,game_covers/c83.jpg,ブロッキングの読み合い。格ゲー史に残る完成度。,対戦格闘,1999,アーケード,2000,6,6,7,5,7
61,レイジングループ,game_covers/c44.jpg,因習村の人狼ゲーム。ループで真相に迫る和風サスペンス。,ホラーADV,2015,スマホ,2023,6,8,8,8,5
62,グラディウスII,game_covers/c58.jpg,パワーアップ選択の横STG。名曲と高難度、人気の一作。,STG,1988,アーケード,2003,6,,,,
63,beatmania IIDX,game_covers/c87.jpg,鍵盤とターンテーブルのDJゲーム。硬派な人気音ゲー。,音ゲー,1999,アーケード,,,,,,
64,バーチャファイター2,game_covers/c80.jpg,なめらかな3D格闘。アーケードを席巻した名作。,3D対戦格闘,1994,アーケード,,,,,,
65,WarCraft III,game_covers/c68.jpg,英雄ユニットとMOD文化の源流。名作RTS。,RTS,2002,PC,,,,,,
66,ドラゴンクエスト10,game_covers/c21.jpg,オンラインのドラクエ。仲間と冒険する広大な世界。,MMORPG,2012,Wii,,,,,,
67,コナミワイワイワールド,game_covers/c97.jpg,コナミのオールスターが集合。FCのお祭りアクション。,アクション,1987,FC,,,,,,
68,雫,game_covers/c53.jpg,Leaf初期。鬱屈と狂気を描く伝奇ノベル、葉鍵の源流。,ビジュアルノベル,1996,PC-98,,,,,,
69,ウルティマオンライン,game_covers/c72.jpg,自由度の高い元祖MMORPG。生活も冒険も思いのまま。,MMORPG,1997,PC,,,,,,
70,UNDERTALE,game_covers/c91.jpg,誰も殺さず進める選択。心を揺さぶるインディーRPG。,RPG,2015,Steam,,,,,,
71,東方紺珠伝,game_covers/c61.jpg,完全無欠の弾幕。月を巡る東方Projectの一作。,STG,2015,PC,,,,,,
72,スーパーマリオ オデッセイ,game_covers/c8.jpg,帽子キャッピーで敵を乗っ取る箱庭3Dマリオ。世界を巡る祝祭。,3Dアクション,2017,Switch,,,,,,
73,終ノ空,game_covers/c75.jpg,屋上と終末。後の作品に影響を与えた鬱系伝説ノベル。,ビジュアルノベル,1999,PC-98,,,,,,
74,鉄拳3,game_covers/c81.jpg,横移動導入で進化した3D格闘。屈指の完成度。,3D対戦格闘,1997,アーケード,,,,,,
75,斑鳩 IKARUGA,game_covers/c63.jpg,白黒の属性反転で弾を吸収。トレジャーの硬派縦STG。,STG,2001,アーケード,,,,,,
76,デイヴ・ザ・ダイバー,game_covers/c94.jpg,昼は海に潜り夜は寿司屋。中毒性の高い海洋アドベンチャー。,アクションADV,2023,Steam,,,,,,
77,It Takes Two,game_covers/c88.jpg,2人専用協力アクション。ギミック満載の感動作。,協力アクション,2021,Steam,,,,,,
78,都市伝説解体センター,game_covers/c46.jpg,都市伝説の怪異を解き明かすデジタル探偵アドベンチャー。,推理ADV,2025,Switch/Steam,,,,,,
79,マインクラフト,game_covers/c76.jpg,ブロックで何でも作れる。世界一売れた創造の箱庭。,サンドボックス,2011,PC,,,,,,
80,キミガシネ,game_covers/c45.jpg,多数決デスゲーム。フリゲ発の人気サスペンスADV。,推理ADV,2017,PC,,,,,,
81,ドラゴンクエスト4,game_covers/c19.jpg,章立てで群像を描く導かれし者たち。AIバトルを導入。,RPG,1990,FC,,,,,,
82,デイトナUSA,game_covers/c99.jpg,セガの名作アーケードレース。あの歌と滑る挙動。,レース,1994,アーケード,,,,,,
83,THE KING OF FIGHTERS '98,game_covers/c82.jpg,ドリームマッチ。KOF屈指の傑作対戦格闘。,対戦格闘,1998,アーケード,,,,,,
84,不思議のダンジョン 風来のシレン,game_covers/c36.jpg,持ち込みなしの緊張感。シレンシリーズの傑作SFC作。,ローグライク,1995,SFC,,,,,,
85,ゼルダの伝説 夢をみる島,game_covers/c4.jpg,島から目覚めるための旅。GBで描かれた小宇宙のような名作。,アクションADV,1993,GB,,,,,,
86,星のカービィ ディスカバリー,game_covers/c5.jpg,初の本格3Dカービィ。ほおばりヘンケイで物を吸い込み大変身。,3Dアクション,2022,Switch,,,,,,
87,VA-11 Hall-A,game_covers/c49.jpg,サイバーパンク世界のバーで酒を作り会話する一作。,ADV,2016,Steam,,,,,,
88,ロマンシング サガ2,game_covers/c34.jpg,皇帝継承と閃きシステム。自由度の高いフリーシナリオRPG。,RPG,1993,SFC,,,,,,
89,真・女神転生III NOCTURNE,game_covers/c30.jpg,受胎後の東京を彷徨う。プレスターンバトルの名作。,RPG,2003,PS2,,,,,,
90,カエルのために鐘は鳴る,game_covers/c7.jpg,サブレ王子の冒険。任天堂の軽妙なアクションRPG、後の作品に影響。,アクションADV,1992,GB,,,,,,
91,ヨッシーストーリー,game_covers/c9.jpg,絵本のような世界のヨッシー。フルーツを集めて進むやさしい一作。,2Dアクション,1997,N64,,,,,,
92,レッドアリーマー（魔界村外伝）,game_covers/c96.jpg,魔界村の宿敵が主役。GBのアクションRPG外伝。,アクションRPG,1990,GB,,,,,,
93,朧村正,game_covers/c13.jpg,浮世絵調の和風2D斬撃アクション。妖刀を打ち百鬼を斬る。,2Dアクション,2009,Wii,,,,,,
94,弟切草,game_covers/c38.jpg,嵐の洋館のホラー。サウンドノベルというジャンルを生んだ作品。,サウンドノベル,1992,SFC,,,,,,
95,Slay the Spire,game_covers/c73.jpg,カードを組み塔を登る。ジャンルを定義した傑作。,デッキ構築ローグライク,2019,Steam,,,,,,
96,CUPHEAD,game_covers/c92.jpg,1930年代アニメ調の高難度ボスラッシュ。,2Dアクション,2017,Steam,,,,,,
97,ゼルダの伝説（初代）,game_covers/c11.jpg,すべての原点。広大なフィールド探索とダンジョン攻略の発明。,アクションADV,1986,FCディスク,,,,,,
98,PICO PARK,game_covers/c93.jpg,全員協力でゴール。ワイワイ遊べる協力パズル。,協力パズル,2016,Steam,,,,,,
99,Deemo,game_covers/c84.jpg,ピアノと物語の音楽ゲーム。美しい世界観のリズムゲー。,音ゲー,2013,スマホ,,,,,,
100,魔法少女ノ魔女裁判,game_covers/c50.jpg,魔法少女が裁かれる魔女裁判。ダークなフリゲ系推理ADV。,推理ADV,2024,Steam,,,,,,
,魍魎戦記MADARA2,game_covers/c101.jpg,異形の魔人・マダラが神と戦うダークヒーローARPG。コミックの世界観をSFCで再現。,ARPG,1993,SFC,,,,,,
,天外魔境II 卍MARU,game_covers/c102.jpg,PCEを代表する和風RPGの金字塔。声優フルボイスの先駆け。,RPG,1992,PCE,,,,,,
,スターソルジャー,game_covers/c103.jpg,FC縦スクSTGの傑作。ハドソン全国大会を生んだ超爽快シューター。,STG,1986,FC,,,,,,
,風の伝説ザナドゥ,game_covers/c104.jpg,日本ファルコムの旗艦ARPG。広大なフィールドを駆け巡る冒険。,ARPG,1994,PC-98,,,,,,
,レイストーム,game_covers/c105.jpg,タイトーの縦スクSTG。絶妙なロックオンレーザーが爽快。,STG,1996,アーケード/PS,,,,,,
,ダライアス外伝,game_covers/c106.jpg,タイトーの横スクSTG。ボス演出と音楽で名高い傑作外伝。,STG,1994,アーケード,,,,,,
,ファンタジーゾーン,game_covers/c107.jpg,セガの横スクSTG。ポップで独特な世界観のシューター。,STG,1986,アーケード,,,,,,
,moon,game_covers/c108.jpg,「勇者をやめた」RPGへのアンチテーゼ。愛を集める不思議な体験。,ADV/RPG,1997,PS,,,,,,
,ガンバード,game_covers/c109.jpg,彩京の縦スクSTG。個性豊かなキャラと爽快感が光る名作。,STG,1994,アーケード,,,,,,
,ストライカーズ1945,game_covers/c110.jpg,彩京の縦スクSTG。WW2レシプロ機で撃ちまくる爽快シューター。,STG,1995,アーケード,,,,,,
,餓狼伝説スペシャル,game_covers/c111.jpg,SNKの格闘ゲーム。テリー・ボガードが主人公の人気シリーズ最高傑作。,格闘,1993,アーケード/MVS,,,,,,
,クロックタワー,game_covers/c112.jpg,鋏男から逃げ続けるホラーADV。画面の端を歩く絶叫体験。,ホラーADV,1995,SFC,,,,,,
,クロックタワー ゴーストヘッド,game_covers/c113.jpg,前作とは異なる日本舞台のホラーADV。迫り来る恐怖を体感。,ホラーADV,1998,PS,,,,,,
,魔界塔士Sa・Ga,game_covers/c114.jpg,初代SaGa。自由度の高いシステムと独特の世界観でGBを席巻。,RPG,1989,GB,,,,,,
,ONI,game_covers/c115.jpg,バンプレストのFC忍者アクション。独特の世界観と歯ごたえが魅力。,アクション,1990,FC,,,,,,
,ロックマン3,game_covers/c116.jpg,ロックマンシリーズの安定した3作目。独自ロボットマスター8体に挑む。,アクション,1990,FC,,,,,,
,スーパーマリオブラザーズ3,game_covers/c117.jpg,マリオシリーズの集大成。変身アイテムと多彩なワールドで圧倒的人気。,アクション,1988,FC,,,,,,
,カービィのピンボール,game_covers/c118.jpg,ゲームボーイのカービィピンボール。シンプルで中毒性のある名作。,ピンボール,1993,GB,,,,,,
,ビックリマンワールド,game_covers/c119.jpg,PCEのアクションゲーム。Wonder Boyのロム版で爽快なアクション。,アクション,1987,PCE,,,,,,
,ONI V 隠忍を継ぐ者,game_covers/c120.jpg,ONIシリーズの集大成。隠忍の名を継ぐ者として戦う忍者アクション。,アクション,1994,SFC,,,,,,
,F-ZERO,game_covers/c121.jpg,SFCの高速レースゲーム。Mode7を活かした未来のカーレース。,レース,1990,SFC,,,,,,
,RPGツクール,game_covers/c122.jpg,自分でRPGを作れるツール。無数のゲームを生み出した創造の場。,ツール,1992,SFC,,,,,,
,ドラゴンクエスト2,game_covers/c123.jpg,DQシリーズ2作目。仲間システムを導入した国民的RPGの進化形。,RPG,1987,FC,,,,,,
,フロントミッション,game_covers/c124.jpg,スクウェアのSRPG。メカと物語の重厚な世界観が光る名作。,SRPG,1995,SFC,,,,,,
,聖剣伝説3,game_covers/c125.jpg,聖剣伝説2の続編。3キャラ選択とクラスチェンジで深みが増した傑作。,ARPG,1995,SFC,,,,,,
,風の伝説ザナドゥII,game_covers/c126.jpg,ザナドゥシリーズの続編。さらに広がる世界と深化したARPG体験。,ARPG,1995,PC-98,,,,,,
,ファイナルファンタジー11,game_covers/c127.jpg,スクウェアのMMORPG。ヴァナ・ディールで仲間と冒険する体験。,MMORPG,2002,PC/PS2,,,,,,
,ファイナルファンタジー8,game_covers/c128.jpg,GFジャンクションと恋愛ストーリーが特徴のFF8。,RPG,1999,PS,,,,,,
,pangya,game_covers/c129.jpg,カジュアルゴルフMMO。萌えキャラとトリックショットで人気を博した。,ゴルフMMO,2004,PC,,,,,,
,踊るメイドインワリオ,game_covers/c130.jpg,GBAの体感操作ミニゲーム集。傾けて振って踊るバカゲーの傑作。,体感アクション,2004,GBA,,,,,,
,桃太郎電鉄ワールド,game_covers/c131.jpg,おなじみ桃太郎電鉄の世界版。世界の駅を舞台にしたボードゲーム。,ボードゲーム,2022,Switch,,,,,,
,HELLGATE,game_covers/c132.jpg,FPS×ハクスラの意欲作。ロンドンが悪魔に占領された世界で戦う。,FPS/ハクスラ,2007,PC,,,,,,
,シリアスサム,game_covers/c133.jpg,波状攻撃を1人で蹴散らすゴリゴリFPS。爽快感全振りの作品。,FPS,2001,PC,,,,,,
,ポケモンB&W2,game_covers/c134.jpg,ポケモン歴代最多のやりこみ要素。ホワイトフォレストや対戦が熱い。,RPG,2012,DS,,,,,,
,ディアブロIII,game_covers/c135.jpg,ディアブロシリーズ3作目。爽快なスキルとドロップを楽しむハクスラ。,ハクスラARPG,2012,PC,,,,,,
,サイレントヒルf,game_covers/c136.jpg,新生サイレントヒル。昭和日本を舞台にしたホラーADVの最新作。,ホラーADV,2025,PC/PS5,,,,,,
,みんなで推理,game_covers/c137.jpg,プレイヤー全員で推理するソーシャル推理ゲーム。,推理,2022,PC,,,,,,
,天穂のサクナヒメ,game_covers/c138.jpg,米作りと戦闘が融合した和風アクションRPG。稲作の深さに驚く。,アクションRPG,2020,Switch/PC,,,,,,
,Beat Saber,game_covers/c139.jpg,VRリズムゲーム。光の剣でブロックを斬る超爽快音ゲー。,音ゲー/VR,2019,PSVR/PC,,,,,,
,Left 4 Dead 2,game_covers/c140.jpg,ゾンビを4人で蹴散らす協力FPS。Valveの名作オンライン体験。,協力FPS,2009,PC,,,,,,
,Serious Sam HD: The Second Encounter,game_covers/c141.jpg,シリアスサムHD版2作目。更なる大群と爽快な戦闘が待つ。,FPS,2010,PC,,,,,,
,Counter-Strike,game_covers/c142.jpg,世界的人気のチームFPS。テロリストvs対テロ部隊の頭脳戦。,FPS,2000,PC,,,,,,
,We Were Here,game_covers/c143.jpg,2人で謎を解く協力ADV。コミュニケーションが鍵のパズルゲーム。,協力ADV,2017,PC,,,,,,
,違う冬のぼくら,game_covers/c144.jpg,2人の少年が冬休みに過ごす心温まる協力ADV。,協力ADV,2021,PC,,,,,,
,BATSUGUN,game_covers/c145.jpg,東亜プランの縦スクSTG。弾幕STGの原点とも言われる名作。,STG,1993,アーケード,,,,,,
,ゼロヨンチャンプRR-Z,game_covers/c146.jpg,SFCのゼロヨンレースゲーム。改造と勝負の爽快ドラッグレース。,レース,1994,SFC,,,,,,
,雀魂 -じゃんたま-,game_covers/c147.jpg,オンライン麻雀ゲーム。萌えキャラと本格対戦で世界中とプレイ。,麻雀,2018,PC,,,,,,
,Portal 2,game_covers/c148.jpg,思考を要するパズルFPS。ポータルガンで空間を繋ぐ傑作。,パズルFPS,2011,PC,,,,,,
,Crayon Physics Deluxe,game_covers/c149.jpg,自分で描いたものが物理演算で動くパズルゲーム。,パズル,2009,PC,,,,,,
,Jelly Defense,game_covers/c150.jpg,モンスターからジェリーを守るタワーディフェンス。,タワーディフェンス,2011,PC,,,,,,
,海腹川背,game_covers/c151.jpg,ロープアクションの超難解ゲーム。独特の物理挙動で沼にはまる。,アクション,1994,SFC,,,,,,
,428 〜封鎖された渋谷で〜,game_covers/c152.jpg,渋谷を舞台にした複数視点のサウンドノベル。真のマルチエンディング体験。,サウンドノベル,2008,Wii/PS3,,,,,,
,ヘラクレスの栄光II タイタンの滅亡,game_covers/c153.jpg,データイーストの古代ギリシャ神話RPG。壮大な物語と謎解きが魅力。,RPG,1989,FC,,,,,,
,スーパーマリオカート,game_covers/c154.jpg,マリオカートシリーズの原点。モード7で実現したSFCの傑作レースゲーム。,レース,1992,SFC,,,,,,
,EverQuest,game_covers/c155.jpg,3DMMORPGの草分け的存在。広大な世界で冒険するオンラインRPGの元祖。,MMORPG,1999,PC,,,,,,
,ドラゴンクエスト11 過ぎ去りし時を求めて,game_covers/c156.jpg,DQシリーズ集大成。圧倒的ボリュームと感動の物語。,RPG,2017,PS4/Switch,,,,,,
,世界樹の迷宮,game_covers/c157.jpg,DSのダンジョン探索型RPG。自分でマップを描く本格3DダンジョンRPG。,ダンジョンRPG,2007,DS,,,,,,
,零式,game_covers/c158.jpg,アリスソフトの伝説的ADV。和製ダークファンタジーの深い物語。,ADV,1999,PC,,,,,,
,無人島物語,game_covers/c159.jpg,PC-98の無人島サバイバルSLG。自給自足の生活を築く開拓体験。,SLG,1993,PC-98,,,,,,
,アクトレイザー,game_covers/c160.jpg,スクウェアのアクション×都市育成SLG。神となって世界を開拓。,アクション/SLG,1990,SFC,,,,,,
,悪魔城ドラキュラX 血の輪廻,game_covers/c161.jpg,PCエンジンの悪魔城傑作。月下の前作で絶品の高難度アクション。,アクション,1993,PCE,,,,,,
,幽☆遊☆白書 闇勝負!!暗黒武術会,game_covers/c162.jpg,SFCの幽遊白書格闘ゲーム。暗黒武術会を舞台にした対戦格闘。,格闘,1994,SFC,,,,,,
,スーパーテトリス2+ボンブリス,game_covers/c163.jpg,SFCのテトリスとボンブリスのカップリング。爽快パズルの傑作。,パズル,1993,SFC,,,,,,
,真サムライスピリッツ 覇王丸地獄変,game_covers/c164.jpg,SNKの剣戟格闘ゲーム。覇王丸地獄変という副題通りの激しさ。,格闘,1994,アーケード/SFC,,,,,,
,アイスクライマー,game_covers/c165.jpg,FCのアクションゲーム。2人協力で山頂を目指すかわいい名作。,アクション,1985,FC,,,,,,
,魔法騎士レイアース,game_covers/c166.jpg,CLAMPのアニメ原作ARPG。セガサターンではOVA同梱版も存在。,ARPG,1994,GG/SFC,,,,,,
,A列車で行こう4,game_covers/c168.jpg,鉄道と都市開発の経営SLG。リアルな鉄道運営で都市を発展させる。,経営SLG,1992,PC-98,,,,,,
,エースコンバット,game_covers/c169.jpg,バンダイナムコのフライトSTG。第一作から始まる空中戦シリーズ。,フライトSTG,1995,PS,,,,,,
,倉庫番,game_covers/c170.jpg,荷物を指定位置に押し込む元祖パズルゲーム。PC-88で生まれた。,パズル,1982,PC-88,,,,,,
,マックス・ペイン,game_covers/c171.jpg,バレットタイムで撃ちまくるTPS。ノワールな演出とストーリーが秀逸。,TPS/アクション,2001,PC,,,,,,
,Crysis,game_covers/c172.jpg,当時最高のPC性能を要求したFPS。ナノスーツの特殊能力で戦う。,FPS,2007,PC,,,,,,
,Aliens vs Predator,game_covers/c173.jpg,エイリアン対プレデターのFPS。どちらの陣営でも遊べる異色FPS。,FPS,1999,PC,,,,,,
,ふぁみこんむかし話 新・鬼ヶ島,game_covers/c174.jpg,ファミコンむかし話シリーズ。昔話をベースにした温かみのある和製ADV。,ADV,1987,FCD,,,,,,
,ドラゴンボールZ 超サイヤ伝説,game_covers/c175.jpg,SFCのDBZカードバトルRPG。原作の展開を追いながら戦う。,カードバトルRPG,1992,SFC,,,,,,
,フォートナイト,game_covers/c176.jpg,世界最大のバトルロイヤル。建築要素と独特のビジュアルで大ヒット。,バトルロイヤル,2017,PC/Switch/PS,,,,,,
,QUAKE III Arena,game_covers/c177.jpg,id Softwareのアリーナ型FPS。オンライン対戦FPSの礎を築いた。,FPS,1999,PC,,,,,,
,久遠の絆,game_covers/c178.jpg,幻想的な和風世界を舞台にしたADV。転生と宿命を描く恋愛ADV。,ADV,1998,PC,,,,,,
,君が望む永遠,game_covers/c179.jpg,修羅場系恋愛ADV。2人のヒロインの間で苦しむ選択。,恋愛ADV,2001,PC,,,,,,
,家族計画,game_covers/c180.jpg,D.O.の感動ADV。血のつながらない家族が共に生きる物語。,ADV,2001,PC,,,,,,
,水夏A.S〜Eternal Name〜,game_covers/c181.jpg,CIRCUSの美少女ADV。透き通るような夏の物語。,ADV,2000,PC,,,,,,
,ギガウィング2,game_covers/c182.jpg,カプコン×タクミのSTG続編。反射バリアと壮大なスコアが爽快。,STG,2000,アーケード/DC,,,,,,
,バトルガレッガ,game_covers/c183.jpg,東亜プランのランク制弾幕STG。死にながら強くなるマニアックな傑作。,STG,1996,アーケード,,,,,,
,スプラッターハウス,game_covers/c184.jpg,ナムコのホラーアクション。ジェイソン風の仮面男が怪物を薙ぎ倒す。,ホラーアクション,1988,アーケード/PCE,,,,,,
,ロボコップ２,game_covers/c185.jpg,映画ロボコップ2のFCゲーム化。悪の組織と戦う痛快アクション。,アクション,1991,FC,,,,,,
,プロギアの嵐,game_covers/c186.jpg,カプコンの弾幕STG。萌え絵と高難度弾幕の異色な組み合わせ。,STG,2001,アーケード,,,,,,
,ワードナの森,game_covers/c187.jpg,コナミのアーケードアクション。魔法使いが地下から地上を目指す。,アクション,1987,アーケード,,,,,,
,竜虎の拳２,game_covers/c188.jpg,SNKの格闘ゲーム。リョウ・サカザキが主人公のAoFシリーズ続編。,格闘,1994,アーケード/MVS,,,,,,
,KOF97,game_covers/c189.jpg,THE KING OF FIGHTERS '97。三種の神器編の完結。オロチ覚醒の衝撃。,格闘,1997,アーケード/MVS,,,,,,
,X-MEN VS. STREET FIGHTER,game_covers/c190.jpg,カプコンのVSシリーズ。タッグバトルで豪快な超必殺技を叩き込む。,格闘,1996,アーケード,,,,,,
,ロックマン4,game_covers/c191.jpg,ロックマンシリーズ4作目。チャージショット追加でシステム進化。,アクション,1991,FC,,,,,,
,ペルソナ4,game_covers/c192.jpg,霧が立ち込む田舎町の連続殺人事件。社会批判と友情のJRPG。,RPG,2008,PS2,,,,,,
,ロードランナー,game_covers/c193.jpg,爆弾を仕掛けて金塊を集める元祖アクションパズル。,アクションパズル,1983,PC/FC,,,,,,
,Rez,game_covers/c194.jpg,レールシューター×音楽体験。音と映像が融合するセガの芸術作品。,レールSTG,2001,DC/PS2,,,,,,
,スーパー マリオパーティ ジャンボリー,game_covers/c195.jpg,最新のマリオパーティ。大型ボードゲームでパーティ全開。,パーティ,2024,Switch,,,,,,
,F-ZERO AX,game_covers/c196.jpg,アーケード版F-ZERO。GXと連動した超高速レースゲーム。,レース,2003,アーケード,,,,,,
,ラプラスの魔,game_covers/c197.jpg,PC-88のホラーRPG。狂気の館を探索するクトゥルフ系ダンジョンRPG。,ホラーRPG,1987,PC-88,,,,,,
,ゴッド・オブ・ウォーII 終焉への序曲,game_covers/c198.jpg,クレイトスの復讐劇第2章。神話世界で繰り広げる超絶アクション。,アクション,2007,PS2,,,,,,
,スーパーマリオメーカー,game_covers/c199.jpg,自分でマリオのコースを作れるWiiUの革命的ツール。,ツール/アクション,2015,WiiU,,,,,,
,ドンキーコング リターンズ,game_covers/c200.jpg,ドンキーコングが帰ってきた。タルダッシュとコンビプレイが爽快なWiiの傑作。,アクション,2010,Wii,,,,,,
,スーパーマリオランド2 6つの金貨,game_covers/c201.jpg,GBのマリオランドシリーズ2作目。ワリオ初登場と多彩なワールド。,アクション,1992,GB,,,,,,
,ファイナルファンタジー7 リメイク,game_covers/c202.jpg,FF7のリメイク版。クラウドたちの冒険をフルリメイクで体験。,RPG,2020,PS4/PC,,,,,,
,ゼルダ無双 厄災の黙示録,game_covers/c203.jpg,ブレワイ100年前の大厄災を描く一騎当千アクション。原作キャラで戦う。,アクション,2020,Switch,,,,,,
,不思議のダンジョン 風来のシレンGB 月影村の怪物,game_covers/c204.jpg,携帯機シレン第1作。毎回変わるダンジョンに挑むローグライクの名作。,ローグライク,1996,GB,,,,,,
,黄泉に落ちても麻雀,game_covers/c205.jpg,黄泉の世界を舞台にした和風ローグライト麻雀。,麻雀/ローグライト,2024,PC,,,,,,
,メグとばけもの,game_covers/c206.jpg,少女メグと怪物の絆を描くRPG。涙が武器の独自バトルが魅力。,RPG/ADV,2023,Switch/PC,,,,,,
